{
  "ID": "46.242",
  "List of bases": [
    {
      "Name of the base": "A",
      "List of locations": [
        {
          "Position": "(-486.845, 82.219, -578.656)",
          "Rotation": "(0, 31.907, 0)",
          "Radius around the base for Blazer (not edited)": 23.0,
          "List of positions for NPCs": [
            "(-449.550, 81.877, -679.510)",
            "(-559.724, 82.219, -517.598)",
            "(-513.700, 82.219, -498.794)",
            "(-474.768, 82.219, -492.463)",
            "(-432.478, 82.219, -526.193)",
            "(-416.501, 82.219, -561.641)"
          ]
        },
        {
          "Position": "(148.587, 10.651, -521.810)",
          "Rotation": "(0, 25.814, 0)",
          "Radius around the base for Blazer (not edited)": 22.0,
          "List of positions for NPCs": [
            "(171.836, 10.946, -589.341)",
            "(77.750, 6.920, -555.997)",
            "(110.199, 7.719, -455.265)",
            "(140.239, 9.855, -444.840)",
            "(170.585, 10.651, -483.655)"
          ]
        },
        {
          "Position": "(14.216, 6.913, -247.674)",
          "Rotation": "(0, 325.028, 0)",
          "Radius around the base for Blazer (not edited)": 23.0,
          "List of positions for NPCs": [
            "(65.497, 6.523, -192.484)",
            "(109.243, 6.669, -257.521)",
            "(52.185, 7.233, -325.505)",
            "(-24.397, 7.264, -295.106)",
            "(-21.681, 8.446, -174.261)"
          ]
        }
      ]
    }
  ]
}