{
  "Enabled? [true/false]": true,
  "Position": "(-415.2, 82.4, -561.4)",
  "Rotation": "(0.0, 0.0, 0.0)",
  "Radius": 20.0,
  "Remove other NPCs? [true/false]": true,
  "Presets": [
    {
      "Enabled? [true/false]": true,
      "Minimum numbers - Day": 15,
      "Maximum numbers - Day": 18,
      "Minimum numbers - Night": 15,
      "Maximum numbers - Night": 16,
      "NPCs setting": {
        "Names": [
          "Zombie"
        ],
        "Health": 200.0,
        "Roam Range": 10.0,
        "Chase Range": 100.0,
        "Attack Range Multiplier": 1.0,
        "Sense Range": 50.0,
        "Target Memory Duration [sec.]": 10.0,
        "Scale damage": 2.0,
        "Aim Cone Scale": 1.0,
        "Detect the target only in the NPC's viewing vision cone? [true/false]": false,
        "Vision Cone": 135.0,
        "Speed": 7.5,
        "Minimum time of appearance after death (not used for Events) [sec.]": 600.0,
        "Maximum time of appearance after death (not used for Events) [sec.]": 900.0,
        "Disable radio effects? [true/false]": false,
        "Is this a stationary NPC? [true/false]": false,
        "Remove a corpse after death? (it is recommended to use the true value to improve performance) [true/false]": true,
        "Wear items": [
          {
            "ShortName": "scarecrow.suit",
            "SkinID (0 - default)": 0
          }
        ],
        "Belt items": [
          {
            "ShortName": "machete",
            "Amount": 1,
            "SkinID (0 - default)": 0,
            "Mods": []
          }
        ],
        "Kits (it is recommended to use the previous 2 settings to improve performance)": []
      },
      "The amount of economics that is given for killing the NPC": {
        "Economics": 0.0,
        "Server Rewards (minimum 1)": 0,
        "IQEconomic (minimum 1)": 0
      },
      "Type of appearance (0 - random; 1 - own list) (not used for Road and Biome)": 1,
      "Own list of locations (not used for Road and Biome)": [
        "(-3.5, 0.0, 1.2)",
        "(-15.2, -0.2, -10.6)",
        "(-43.4, 0.0, -6.3)",
        "(-41.4, -0.2, 5.0)",
        "(-36.0, -0.2, 15.8)",
        "(-26.8, -0.1, 17.0)",
        "(-14.7, -0.2, 16.2)",
        "(4.9, -0.2, 34.7)",
        "(11.5, 1.4, 53.4)",
        "(16.4, -0.1, 57.3)",
        "(30.5, -0.1, 55.8)",
        "(34.4, -0.2, 38.8)",
        "(-76.5, -0.1, 38.1)",
        "(-78.1, -0.2, 47.5)",
        "(-85.6, -0.2, 58.3)",
        "(-97.4, -0.2, 51.2)",
        "(-93.8, -0.2, 25.4)",
        "(-90.4, -0.2, 13.5)",
        "(17.4, -0.2, 304.2)",
        "(28.9, -0.1, 303.1)",
        "(31.5, -0.2, 290.3)",
        "(31.4, -0.2, 280.0)",
        "(23.7, -0.2, 277.9)",
        "(14.4, 1.2, 286.7)",
        "(6.5, -0.2, 286.1)",
        "(2.5, -0.1, 278.3)",
        "(-3.7, 0.0, 276.4)",
        "(-1.9, 0.0, 288.9)"
      ],
      "The path to the crate that appears at the place of death (empty - not used)": "",
      "Which loot table should the plugin use? (0 - default; 1 - own; 2 - AlphaLoot; 3 - CustomLoot; 4 - loot table of the Rust objects; 5 - combine the 1 and 4 methods)": 4,
      "Loot table from prefabs (if the loot table type is 4 or 5)": {
        "Minimum numbers of prefabs": 1,
        "Maximum numbers of prefabs": 1,
        "Use minimum and maximum values? [true/false]": true,
        "List of prefabs": [
          {
            "Chance [0.0-100.0]": 100.0,
            "The path to the prefab": "assets/rust.ai/agents/npcplayer/humannpc/scientist/scientistnpc_oilrig.prefab"
          }
        ]
      },
      "Own loot table (if the loot table type is 1 or 5)": {
        "Minimum numbers of items": 1,
        "Maximum numbers of items": 1,
        "Use minimum and maximum values? [true/false]": true,
        "List of items": [
          {
            "ShortName": "scrap",
            "Minimum": 100,
            "Maximum": 200,
            "Chance [0.0-100.0]": 50.0,
            "Is this a blueprint? [true/false]": false,
            "SkinID (0 - default)": 0,
            "Name (empty - default)": ""
          }
        ]
      }
    }
  ]
}