{
  "Enabled? [true/false]": true,
  "Position": "(1388.0, 4.6, -1104.0)",
  "Rotation": "(0.0, 0.0, 0.0)",
  "Radius": 20.0,
  "Remove other NPCs? [true/false]": true,
  "Presets": [
    {
      "Enabled? [true/false]": true,
      "Minimum numbers - Day": 3,
      "Maximum numbers - Day": 6,
      "Minimum numbers - Night": 3,
      "Maximum numbers - Night": 6,
      "NPCs setting": {
        "Names": [
          "Scientist",
          "Soldier"
        ],
        "Health": 200.0,
        "Roam Range": 10.0,
        "Chase Range": 100.0,
        "Attack Range Multiplier": 1.0,
        "Sense Range": 50.0,
        "Target Memory Duration [sec.]": 10.0,
        "Scale damage": 2.0,
        "Aim Cone Scale": 1.0,
        "Detect the target only in the NPC's viewing vision cone? [true/false]": false,
        "Vision Cone": 135.0,
        "Speed": 7.5,
        "Minimum time of appearance after death (not used for Events) [sec.]": 600.0,
        "Maximum time of appearance after death (not used for Events) [sec.]": 900.0,
        "Disable radio effects? [true/false]": false,
        "Is this a stationary NPC? [true/false]": false,
        "Remove a corpse after death? (it is recommended to use the true value to improve performance) [true/false]": true,
        "Wear items": [
          {
            "ShortName": "riot.helmet",
            "SkinID (0 - default)": 933273377
          },
          {
            "ShortName": "hoodie",
            "SkinID (0 - default)": 1220577283
          },
          {
            "ShortName": "pants",
            "SkinID (0 - default)": 1220582391
          },
          {
            "ShortName": "shoes.boots",
            "SkinID (0 - default)": 1170428844
          },
          {
            "ShortName": "roadsign.jacket",
            "SkinID (0 - default)": 1228236617
          },
          {
            "ShortName": "roadsign.kilt",
            "SkinID (0 - default)": 1228234614
          }
        ],
        "Belt items": [
          {
            "ShortName": "shotgun.pump",
            "Amount": 1,
            "SkinID (0 - default)": 0,
            "Mods": [
              "weapon.mod.holosight",
              "weapon.mod.flashlight"
            ]
          }
        ],
        "Kits (it is recommended to use the previous 2 settings to improve performance)": []
      },
      "The amount of economics that is given for killing the NPC": {
        "Economics": 0.0,
        "Server Rewards (minimum 1)": 0,
        "IQEconomic (minimum 1)": 0
      },
      "Type of appearance (0 - random; 1 - own list) (not used for Road and Biome)": 1,
      "Own list of locations (not used for Road and Biome)": [
        "(0.6, 0.0, 1.6)",
        "(-3.7, 0.0, 6.8)",
        "(1.7, 0.0, 9.9)",
        "(10.9, 0.0, 11.2)",
        "(21.5, 0.0, 9.5)",
        "(23.8, 0.0, 2.7)",
        "(23.8, 0.0, -6.4)",
        "(19.8, 0.0, -13.6)",
        "(13.0, -0.1, -17.1)",
        "(5.2, -0.1, -14.9)",
        "(13.6, -0.1, -4.7)",
        "(17.2, 0.0, 3.1)",
        "(18.7, 7.4, -7.9)",
        "(14.9, 6.4, 11.0)"
      ],
      "The path to the crate that appears at the place of death (empty - not used)": "",
      "Which loot table should the plugin use? (0 - default; 1 - own; 2 - AlphaLoot; 3 - CustomLoot; 4 - loot table of the Rust objects; 5 - combine the 1 and 4 methods)": 4,
      "Loot table from prefabs (if the loot table type is 4 or 5)": {
        "Minimum numbers of prefabs": 1,
        "Maximum numbers of prefabs": 1,
        "Use minimum and maximum values? [true/false]": true,
        "List of prefabs": [
          {
            "Chance [0.0-100.0]": 100.0,
            "The path to the prefab": "assets/rust.ai/agents/npcplayer/humannpc/scientist/scientistnpc_oilrig.prefab"
          }
        ]
      },
      "Own loot table (if the loot table type is 1 or 5)": {
        "Minimum numbers of items": 1,
        "Maximum numbers of items": 1,
        "Use minimum and maximum values? [true/false]": true,
        "List of items": [
          {
            "ShortName": "scrap",
            "Minimum": 100,
            "Maximum": 200,
            "Chance [0.0-100.0]": 50.0,
            "Is this a blueprint? [true/false]": false,
            "SkinID (0 - default)": 0,
            "Name (empty - default)": ""
          }
        ]
      }
    }
  ]
}