{
  "Enabled? [true/false]": true,
  "Position": "(115.4, 7.8, -462.3)",
  "Rotation": "(0.0, 0.0, 0.0)",
  "Radius": 20.0,
  "Remove other NPCs? [true/false]": true,
  "Presets": [
    {
      "Enabled? [true/false]": true,
      "Minimum numbers - Day": 7,
      "Maximum numbers - Day": 9,
      "Minimum numbers - Night": 6,
      "Maximum numbers - Night": 0,
      "NPCs setting": {
        "Names": [
          "Military Scientist"
        ],
        "Health": 200.0,
        "Roam Range": 10.0,
        "Chase Range": 100.0,
        "Attack Range Multiplier": 1.0,
        "Sense Range": 50.0,
        "Target Memory Duration [sec.]": 10.0,
        "Scale damage": 2.0,
        "Aim Cone Scale": 1.0,
        "Detect the target only in the NPC's viewing vision cone? [true/false]": false,
        "Vision Cone": 135.0,
        "Speed": 7.5,
        "Minimum time of appearance after death (not used for Events) [sec.]": 600.0,
        "Maximum time of appearance after death (not used for Events) [sec.]": 900.0,
        "Disable radio effects? [true/false]": false,
        "Is this a stationary NPC? [true/false]": false,
        "Remove a corpse after death? (it is recommended to use the true value to improve performance) [true/false]": true,
        "Wear items": [
          {
            "ShortName": "hazmatsuit_scientist_arctic",
            "SkinID (0 - default)": 0
          }
        ],
        "Belt items": [
          {
            "ShortName": "smg.thompson",
            "Amount": 1,
            "SkinID (0 - default)": 0,
            "Mods": [
              "weapon.mod.holosight",
              "weapon.mod.flashlight"
            ]
          }
        ],
        "Kits (it is recommended to use the previous 2 settings to improve performance)": []
      },
      "The amount of economics that is given for killing the NPC": {
        "Economics": 0.0,
        "Server Rewards (minimum 1)": 0,
        "IQEconomic (minimum 1)": 0
      },
      "Type of appearance (0 - random; 1 - own list) (not used for Road and Biome)": 1,
      "Own list of locations (not used for Road and Biome)": [
        "(-2.0, -0.1, -3.6)",
        "(-2.7, -0.1, -11.2)",
        "(-11.1, -0.2, -14.8)",
        "(-23.3, 0.0, -17.6)",
        "(-27.8, 0.3, -0.1)",
        "(-33.4, -0.2, 13.7)",
        "(-30.8, 0.4, 22.4)",
        "(-26.2, -0.1, 36.7)",
        "(-14.2, 0.6, 59.3)",
        "(-15.5, 0.2, 71.2)",
        "(-30.1, -0.2, 71.3)",
        "(-42.7, -0.3, 60.3)",
        "(-35.2, -0.1, 49.4)",
        "(-12.0, 0.2, 46.5)",
        "(-6.6, 0.4, 36.6)",
        "(-0.9, 0.6, 23.1)",
        "(11.8, 0.8, 18.0)",
        "(18.5, 1.6, 7.9)",
        "(14.9, 1.5, -1.1)",
        "(3.3, 0.3, -3.7)",
        "(-20.3, 2.8, -4.2)",
        "(-15.0, 2.8, -8.1)",
        "(-11.5, 5.6, -3.5)",
        "(-20.6, 6.3, -0.3)",
        "(-20.6, 6.3, 6.3)",
        "(-14.7, 5.8, 3.1)",
        "(-18.6, 2.8, -1.1)",
        "(-11.1, 2.8, 3.5)",
        "(-17.2, 2.8, 5.5)"
      ],
      "The path to the crate that appears at the place of death (empty - not used)": "",
      "Which loot table should the plugin use? (0 - default; 1 - own; 2 - AlphaLoot; 3 - CustomLoot; 4 - loot table of the Rust objects; 5 - combine the 1 and 4 methods)": 4,
      "Loot table from prefabs (if the loot table type is 4 or 5)": {
        "Minimum numbers of prefabs": 1,
        "Maximum numbers of prefabs": 1,
        "Use minimum and maximum values? [true/false]": true,
        "List of prefabs": [
          {
            "Chance [0.0-100.0]": 100.0,
            "The path to the prefab": "assets/rust.ai/agents/npcplayer/humannpc/scientist/scientistnpc_oilrig.prefab"
          }
        ]
      },
      "Own loot table (if the loot table type is 1 or 5)": {
        "Minimum numbers of items": 1,
        "Maximum numbers of items": 1,
        "Use minimum and maximum values? [true/false]": true,
        "List of items": [
          {
            "ShortName": "scrap",
            "Minimum": 100,
            "Maximum": 200,
            "Chance [0.0-100.0]": 50.0,
            "Is this a blueprint? [true/false]": false,
            "SkinID (0 - default)": 0,
            "Name (empty - default)": ""
          }
        ]
      }
    }
  ]
}