{
  "Enabled? [true/false]": true,
  "Position": "(199.7, 61.3, -540.0)",
  "Rotation": "(0.0, 0.0, 0.0)",
  "Radius": 20.0,
  "Remove other NPCs? [true/false]": true,
  "Presets": [
    {
      "Enabled? [true/false]": true,
      "Minimum numbers - Day": 5,
      "Maximum numbers - Day": 8,
      "Minimum numbers - Night": 4,
      "Maximum numbers - Night": 6,
      "NPCs setting": {
        "Names": [
          "Colonist"
        ],
        "Health": 200.0,
        "Roam Range": 10.0,
        "Chase Range": 100.0,
        "Attack Range Multiplier": 1.0,
        "Sense Range": 50.0,
        "Target Memory Duration [sec.]": 10.0,
        "Scale damage": 2.0,
        "Aim Cone Scale": 1.0,
        "Detect the target only in the NPC's viewing vision cone? [true/false]": false,
        "Vision Cone": 135.0,
        "Speed": 7.5,
        "Minimum time of appearance after death (not used for Events) [sec.]": 600.0,
        "Maximum time of appearance after death (not used for Events) [sec.]": 900.0,
        "Disable radio effects? [true/false]": false,
        "Is this a stationary NPC? [true/false]": false,
        "Remove a corpse after death? (it is recommended to use the true value to improve performance) [true/false]": true,
        "Wear items": [
          {
            "ShortName": "metal.facemask",
            "SkinID (0 - default)": 925573375
          },
          {
            "ShortName": "hoodie",
            "SkinID (0 - default)": 2728150332
          },
          {
            "ShortName": "pants",
            "SkinID (0 - default)": 2728153861
          },
          {
            "ShortName": "shoes.boots",
            "SkinID (0 - default)": 1425280190
          },
          {
            "ShortName": "burlap.gloves",
            "SkinID (0 - default)": 2729756181
          }
        ],
        "Belt items": [
          {
            "ShortName": "shotgun.pump",
            "Amount": 1,
            "SkinID (0 - default)": 0,
            "Mods": [
              "weapon.mod.holosight",
              "weapon.mod.flashlight"
            ]
          }
        ],
        "Kits (it is recommended to use the previous 2 settings to improve performance)": []
      },
      "The amount of economics that is given for killing the NPC": {
        "Economics": 0.0,
        "Server Rewards (minimum 1)": 0,
        "IQEconomic (minimum 1)": 0
      },
      "Type of appearance (0 - random; 1 - own list) (not used for Road and Biome)": 1,
      "Own list of locations (not used for Road and Biome)": [
        "(-1.6, 0.0, -0.3)",
        "(-8.7, 13.5, 4.2)",
        "(4.9, -9.9, -35.4)",
        "(20.7, -20.6, -3.8)",
        "(-10.2, -36.1, -24.6)",
        "(-22.2, -33.8, -4.4)",
        "(-16.5, -33.8, 7.7)",
        "(-8.6, -33.8, 20.7)",
        "(-16.6, -50.6, 30.9)",
        "(-27.8, -50.6, 24.3)",
        "(-41.4, -50.6, 16.2)",
        "(-62.0, -50.7, 8.4)",
        "(-67.4, -50.6, -5.8)",
        "(-80.2, -52.3, 11.1)",
        "(-95.3, -53.4, 9.2)",
        "(-108.6, -54.3, -0.9)",
        "(-25.3, -50.6, 5.4)"
      ],
      "The path to the crate that appears at the place of death (empty - not used)": "",
      "Which loot table should the plugin use? (0 - default; 1 - own; 2 - AlphaLoot; 3 - CustomLoot; 4 - loot table of the Rust objects; 5 - combine the 1 and 4 methods)": 4,
      "Loot table from prefabs (if the loot table type is 4 or 5)": {
        "Minimum numbers of prefabs": 1,
        "Maximum numbers of prefabs": 1,
        "Use minimum and maximum values? [true/false]": true,
        "List of prefabs": [
          {
            "Chance [0.0-100.0]": 100.0,
            "The path to the prefab": "assets/rust.ai/agents/npcplayer/humannpc/scientist/scientistnpc_oilrig.prefab"
          }
        ]
      },
      "Own loot table (if the loot table type is 1 or 5)": {
        "Minimum numbers of items": 1,
        "Maximum numbers of items": 1,
        "Use minimum and maximum values? [true/false]": true,
        "List of items": [
          {
            "ShortName": "scrap",
            "Minimum": 100,
            "Maximum": 200,
            "Chance [0.0-100.0]": 50.0,
            "Is this a blueprint? [true/false]": false,
            "SkinID (0 - default)": 0,
            "Name (empty - default)": ""
          }
        ]
      }
    },
    {
      "Enabled? [true/false]": true,
      "Minimum numbers - Day": 10,
      "Maximum numbers - Day": 15,
      "Minimum numbers - Night": 10,
      "Maximum numbers - Night": 15,
      "NPCs setting": {
        "Names": [
          "Ученые"
        ],
        "Health": 200.0,
        "Roam Range": 10.0,
        "Chase Range": 100.0,
        "Attack Range Multiplier": 1.0,
        "Sense Range": 50.0,
        "Target Memory Duration [sec.]": 10.0,
        "Scale damage": 2.0,
        "Aim Cone Scale": 1.0,
        "Detect the target only in the NPC's viewing vision cone? [true/false]": false,
        "Vision Cone": 135.0,
        "Speed": 7.5,
        "Minimum time of appearance after death (not used for Events) [sec.]": 600.0,
        "Maximum time of appearance after death (not used for Events) [sec.]": 900.0,
        "Disable radio effects? [true/false]": false,
        "Is this a stationary NPC? [true/false]": false,
        "Remove a corpse after death? (it is recommended to use the true value to improve performance) [true/false]": true,
        "Wear items": [
          {
            "ShortName": "hazmatsuit_scientist",
            "SkinID (0 - default)": 0
          }
        ],
        "Belt items": [
          {
            "ShortName": "rifle.lr300",
            "Amount": 1,
            "SkinID (0 - default)": 0,
            "Mods": [
              "weapon.mod.holosight",
              "weapon.mod.flashlight"
            ]
          },
          {
            "ShortName": "syringe.medical",
            "Amount": 10,
            "SkinID (0 - default)": 0,
            "Mods": []
          },
          {
            "ShortName": "grenade.f1",
            "Amount": 10,
            "SkinID (0 - default)": 0,
            "Mods": []
          },
          {
            "ShortName": "grenade.smoke",
            "Amount": 10,
            "SkinID (0 - default)": 0,
            "Mods": []
          },
          {
            "ShortName": "explosive.timed",
            "Amount": 10,
            "SkinID (0 - default)": 0,
            "Mods": []
          },
          {
            "ShortName": "rocket.launcher",
            "Amount": 1,
            "SkinID (0 - default)": 0,
            "Mods": []
          }
        ],
        "Kits (it is recommended to use the previous 2 settings to improve performance)": []
      },
      "The amount of economics that is given for killing the NPC": {
        "Economics": 0.0,
        "Server Rewards (minimum 1)": 0,
        "IQEconomic (minimum 1)": 0
      },
      "Type of appearance (0 - random; 1 - own list) (not used for Road and Biome)": 1,
      "Own list of locations (not used for Road and Biome)": [
        "(-11.1, -50.5, 1.0)",
        "(-2.9, -50.5, 0.3)",
        "(11.6, -50.6, -1.5)",
        "(16.5, -50.6, 2.8)",
        "(25.4, -50.6, -4.3)",
        "(39.4, -50.6, -6.7)",
        "(51.1, -50.6, -8.6)",
        "(58.3, -50.6, -2.3)",
        "(75.5, -50.6, -5.0)",
        "(88.6, -50.6, -10.0)",
        "(82.5, -50.6, -20.8)",
        "(85.8, -50.6, -26.5)",
        "(104.8, -50.6, -29.1)",
        "(115.6, -50.6, -21.8)",
        "(105.5, -38.7, -20.1)",
        "(116.9, -38.6, -21.4)",
        "(103.3, -38.7, -27.9)",
        "(65.4, -50.6, -21.5)",
        "(21.1, -56.2, -6.5)",
        "(32.5, -56.2, -5.4)",
        "(42.7, -56.2, -5.0)"
      ],
      "The path to the crate that appears at the place of death (empty - not used)": "",
      "Which loot table should the plugin use? (0 - default; 1 - own; 2 - AlphaLoot; 3 - CustomLoot; 4 - loot table of the Rust objects; 5 - combine the 1 and 4 methods)": 4,
      "Loot table from prefabs (if the loot table type is 4 or 5)": {
        "Minimum numbers of prefabs": 1,
        "Maximum numbers of prefabs": 1,
        "Use minimum and maximum values? [true/false]": true,
        "List of prefabs": [
          {
            "Chance [0.0-100.0]": 100.0,
            "The path to the prefab": "assets/rust.ai/agents/npcplayer/humannpc/scientist/scientistnpc_oilrig.prefab"
          }
        ]
      },
      "Own loot table (if the loot table type is 1 or 5)": {
        "Minimum numbers of items": 1,
        "Maximum numbers of items": 1,
        "Use minimum and maximum values? [true/false]": true,
        "List of items": [
          {
            "ShortName": "scrap",
            "Minimum": 100,
            "Maximum": 200,
            "Chance [0.0-100.0]": 50.0,
            "Is this a blueprint? [true/false]": false,
            "SkinID (0 - default)": 0,
            "Name (empty - default)": ""
          }
        ]
      }
    }
  ]
}