{
  "Enabled? [true/false]": true,
  "Position": "(22.1, 38.9, -725.7)",
  "Rotation": "(0.0, 0.0, 0.0)",
  "Radius": 20.0,
  "Remove other NPCs? [true/false]": true,
  "Presets": [
    {
      "Enabled? [true/false]": true,
      "Minimum numbers - Day": 11,
      "Maximum numbers - Day": 14,
      "Minimum numbers - Night": 11,
      "Maximum numbers - Night": 12,
      "NPCs setting": {
        "Names": [
          "Scientist",
          "Soldier"
        ],
        "Health": 200.0,
        "Roam Range": 10.0,
        "Chase Range": 100.0,
        "Attack Range Multiplier": 1.0,
        "Sense Range": 50.0,
        "Target Memory Duration [sec.]": 10.0,
        "Scale damage": 2.0,
        "Aim Cone Scale": 1.0,
        "Detect the target only in the NPC's viewing vision cone? [true/false]": false,
        "Vision Cone": 135.0,
        "Speed": 7.5,
        "Minimum time of appearance after death (not used for Events) [sec.]": 600.0,
        "Maximum time of appearance after death (not used for Events) [sec.]": 900.0,
        "Disable radio effects? [true/false]": false,
        "Is this a stationary NPC? [true/false]": false,
        "Remove a corpse after death? (it is recommended to use the true value to improve performance) [true/false]": true,
        "Wear items": [
          {
            "ShortName": "coffeecan.helmet",
            "SkinID (0 - default)": 2464749645
          },
          {
            "ShortName": "jacket.snow",
            "SkinID (0 - default)": 2464741812
          },
          {
            "ShortName": "pants",
            "SkinID (0 - default)": 2464736189
          },
          {
            "ShortName": "shoes.boots",
            "SkinID (0 - default)": 2464742793
          },
          {
            "ShortName": "sunglasses",
            "SkinID (0 - default)": 0
          },
          {
            "ShortName": "santabeard",
            "SkinID (0 - default)": 0
          }
        ],
        "Belt items": [
          {
            "ShortName": "smg.mp5",
            "Amount": 1,
            "SkinID (0 - default)": 0,
            "Mods": [
              "weapon.mod.holosight",
              "weapon.mod.flashlight"
            ]
          }
        ],
        "Kits (it is recommended to use the previous 2 settings to improve performance)": []
      },
      "The amount of economics that is given for killing the NPC": {
        "Economics": 0.0,
        "Server Rewards (minimum 1)": 0,
        "IQEconomic (minimum 1)": 0
      },
      "Type of appearance (0 - random; 1 - own list) (not used for Road and Biome)": 1,
      "Own list of locations (not used for Road and Biome)": [
        "(-192.5, 22.0, -1.4)",
        "(-180.5, 19.9, 4.8)",
        "(-152.7, 15.0, 3.7)",
        "(-118.0, 8.8, -3.3)",
        "(-92.4, 4.7, 3.3)",
        "(-51.9, 0.8, 6.7)",
        "(-22.3, 0.0, -1.6)",
        "(8.3, 0.2, -0.6)",
        "(31.7, 1.4, 5.5)",
        "(63.3, 4.7, 7.7)",
        "(89.5, 8.9, -2.2)",
        "(116.3, 13.6, 6.3)",
        "(167.6, 22.7, 2.9)",
        "(161.5, 21.6, -1.9)",
        "(181.1, 25.0, 5.2)",
        "(198.1, 27.4, -1.2)",
        "(222.0, 29.7, -1.7)",
        "(262.4, 31.2, 8.5)"
      ],
      "The path to the crate that appears at the place of death (empty - not used)": "",
      "Which loot table should the plugin use? (0 - default; 1 - own; 2 - AlphaLoot; 3 - CustomLoot; 4 - loot table of the Rust objects; 5 - combine the 1 and 4 methods)": 4,
      "Loot table from prefabs (if the loot table type is 4 or 5)": {
        "Minimum numbers of prefabs": 1,
        "Maximum numbers of prefabs": 1,
        "Use minimum and maximum values? [true/false]": true,
        "List of prefabs": [
          {
            "Chance [0.0-100.0]": 100.0,
            "The path to the prefab": "assets/rust.ai/agents/npcplayer/humannpc/scientist/scientistnpc_oilrig.prefab"
          }
        ]
      },
      "Own loot table (if the loot table type is 1 or 5)": {
        "Minimum numbers of items": 1,
        "Maximum numbers of items": 1,
        "Use minimum and maximum values? [true/false]": true,
        "List of items": [
          {
            "ShortName": "scrap",
            "Minimum": 100,
            "Maximum": 200,
            "Chance [0.0-100.0]": 50.0,
            "Is this a blueprint? [true/false]": false,
            "SkinID (0 - default)": 0,
            "Name (empty - default)": ""
          }
        ]
      }
    }
  ]
}