{
  "Enabled? [true/false]": true,
  "Position": "(675.9, 32.8, 929.4)",
  "Rotation": "(0.0, 0.0, 0.0)",
  "Radius": 20.0,
  "Remove other NPCs? [true/false]": true,
  "Presets": [
    {
      "Enabled? [true/false]": true,
      "Minimum numbers - Day": 4,
      "Maximum numbers - Day": 6,
      "Minimum numbers - Night": 4,
      "Maximum numbers - Night": 6,
      "NPCs setting": {
        "Names": [
          "Soldier"
        ],
        "Health": 200.0,
        "Roam Range": 10.0,
        "Chase Range": 100.0,
        "Attack Range Multiplier": 1.0,
        "Sense Range": 50.0,
        "Target Memory Duration [sec.]": 10.0,
        "Scale damage": 2.0,
        "Aim Cone Scale": 1.0,
        "Detect the target only in the NPC's viewing vision cone? [true/false]": false,
        "Vision Cone": 135.0,
        "Speed": 7.5,
        "Minimum time of appearance after death (not used for Events) [sec.]": 600.0,
        "Maximum time of appearance after death (not used for Events) [sec.]": 900.0,
        "Disable radio effects? [true/false]": false,
        "Is this a stationary NPC? [true/false]": false,
        "Remove a corpse after death? (it is recommended to use the true value to improve performance) [true/false]": true,
        "Wear items": [
          {
            "ShortName": "metal.facemask",
            "SkinID (0 - default)": 1637693361
          },
          {
            "ShortName": "hoodie",
            "SkinID (0 - default)": 2144503665
          },
          {
            "ShortName": "pants",
            "SkinID (0 - default)": 2144505347
          },
          {
            "ShortName": "shoes.boots",
            "SkinID (0 - default)": 960054159
          },
          {
            "ShortName": "metal.plate.torso",
            "SkinID (0 - default)": 1637689634
          }
        ],
        "Belt items": [
          {
            "ShortName": "shotgun.pump",
            "Amount": 1,
            "SkinID (0 - default)": 0,
            "Mods": [
              "weapon.mod.holosight",
              "weapon.mod.flashlight"
            ]
          }
        ],
        "Kits (it is recommended to use the previous 2 settings to improve performance)": []
      },
      "The amount of economics that is given for killing the NPC": {
        "Economics": 0.0,
        "Server Rewards (minimum 1)": 0,
        "IQEconomic (minimum 1)": 0
      },
      "Type of appearance (0 - random; 1 - own list) (not used for Road and Biome)": 1,
      "Own list of locations (not used for Road and Biome)": [
        "(6.2, 0.0, -1.5)",
        "(0.2, 0.0, 2.7)",
        "(-6.5, 1.5, 9.8)",
        "(-9.2, 1.5, 16.3)",
        "(-8.8, 1.5, 24.4)",
        "(-3.3, 1.5, 23.1)",
        "(-1.5, 1.5, 14.1)",
        "(8.2, 1.5, 10.8)",
        "(17.0, 0.7, 11.5)",
        "(19.5, -0.1, 16.4)",
        "(19.8, 0.0, 24.2)",
        "(-28.9, 0.0, 28.5)",
        "(-27.3, 0.0, 14.6)",
        "(-9.6, -0.1, -18.1)",
        "(11.2, -0.1, -17.4)",
        "(1.0, 5.4, 16.2)",
        "(2.4, 5.1, 21.3)",
        "(9.4, -8.4, -4.8)",
        "(-5.4, -8.1, -3.6)"
      ],
      "The path to the crate that appears at the place of death (empty - not used)": "",
      "Which loot table should the plugin use? (0 - default; 1 - own; 2 - AlphaLoot; 3 - CustomLoot; 4 - loot table of the Rust objects; 5 - combine the 1 and 4 methods)": 4,
      "Loot table from prefabs (if the loot table type is 4 or 5)": {
        "Minimum numbers of prefabs": 1,
        "Maximum numbers of prefabs": 1,
        "Use minimum and maximum values? [true/false]": true,
        "List of prefabs": [
          {
            "Chance [0.0-100.0]": 100.0,
            "The path to the prefab": "assets/rust.ai/agents/npcplayer/humannpc/scientist/scientistnpc_oilrig.prefab"
          }
        ]
      },
      "Own loot table (if the loot table type is 1 or 5)": {
        "Minimum numbers of items": 1,
        "Maximum numbers of items": 1,
        "Use minimum and maximum values? [true/false]": true,
        "List of items": [
          {
            "ShortName": "scrap",
            "Minimum": 100,
            "Maximum": 200,
            "Chance [0.0-100.0]": 50.0,
            "Is this a blueprint? [true/false]": false,
            "SkinID (0 - default)": 0,
            "Name (empty - default)": ""
          }
        ]
      }
    }
  ]
}