{
  "Enabled? [true/false]": true,
  "Position": "(-482.2, 91.6, 839.4)",
  "Rotation": "(0.0, 0.0, 0.0)",
  "Radius": 20.0,
  "Remove other NPCs? [true/false]": true,
  "Presets": [
    {
      "Enabled? [true/false]": true,
      "Minimum numbers - Day": 14,
      "Maximum numbers - Day": 16,
      "Minimum numbers - Night": 14,
      "Maximum numbers - Night": 16,
      "NPCs setting": {
        "Names": [
          "Soldier"
        ],
        "Health": 200.0,
        "Roam Range": 10.0,
        "Chase Range": 100.0,
        "Attack Range Multiplier": 1.0,
        "Sense Range": 50.0,
        "Target Memory Duration [sec.]": 10.0,
        "Scale damage": 2.0,
        "Aim Cone Scale": 1.0,
        "Detect the target only in the NPC's viewing vision cone? [true/false]": false,
        "Vision Cone": 135.0,
        "Speed": 7.5,
        "Minimum time of appearance after death (not used for Events) [sec.]": 600.0,
        "Maximum time of appearance after death (not used for Events) [sec.]": 900.0,
        "Disable radio effects? [true/false]": false,
        "Is this a stationary NPC? [true/false]": false,
        "Remove a corpse after death? (it is recommended to use the true value to improve performance) [true/false]": true,
        "Wear items": [
          {
            "ShortName": "metal.facemask",
            "SkinID (0 - default)": 880202952
          },
          {
            "ShortName": "hoodie",
            "SkinID (0 - default)": 849719390
          },
          {
            "ShortName": "pants",
            "SkinID (0 - default)": 949778717
          },
          {
            "ShortName": "shoes.boots",
            "SkinID (0 - default)": 1291665415
          }
        ],
        "Belt items": [
          {
            "ShortName": "rifle.semiauto",
            "Amount": 1,
            "SkinID (0 - default)": 0,
            "Mods": [
              "weapon.mod.holosight",
              "weapon.mod.flashlight"
            ]
          }
        ],
        "Kits (it is recommended to use the previous 2 settings to improve performance)": []
      },
      "The amount of economics that is given for killing the NPC": {
        "Economics": 0.0,
        "Server Rewards (minimum 1)": 0,
        "IQEconomic (minimum 1)": 0
      },
      "Type of appearance (0 - random; 1 - own list) (not used for Road and Biome)": 1,
      "Own list of locations (not used for Road and Biome)": [
        "(-2.8, 0.0, 0.4)",
        "(-40.0, 0.0, 5.4)",
        "(-62.0, 0.1, 5.1)",
        "(-85.3, 0.1, 3.2)",
        "(-108.2, 0.1, 3.5)",
        "(-132.5, 0.1, 0.4)",
        "(-168.2, 0.1, -5.3)",
        "(-192.0, 0.0, -16.0)",
        "(-200.4, 0.1, -31.3)",
        "(-201.3, 0.1, -49.5)",
        "(-197.5, 0.1, -75.2)",
        "(-191.5, 0.1, -95.0)",
        "(-177.1, 0.0, -117.9)",
        "(-164.9, 0.0, -127.8)",
        "(-134.7, 0.1, -133.9)",
        "(-108.7, 0.1, -136.8)",
        "(-76.8, 0.2, -135.9)",
        "(-40.6, 0.1, -138.4)",
        "(-18.9, 0.1, -135.2)",
        "(15.8, 0.1, -128.7)",
        "(41.0, 0.1, -117.9)",
        "(50.3, 0.2, -88.1)",
        "(41.5, 0.1, -69.2)",
        "(37.6, 0.0, -48.5)",
        "(32.4, 0.1, -25.8)",
        "(18.0, 0.1, -10.2)",
        "(-118.5, 24.1, -53.9)",
        "(-104.1, 23.2, -65.7)",
        "(-97.0, 23.0, -71.1)",
        "(-80.6, 27.5, -73.2)",
        "(-64.0, 28.1, -55.3)"
      ],
      "The path to the crate that appears at the place of death (empty - not used)": "",
      "Which loot table should the plugin use? (0 - default; 1 - own; 2 - AlphaLoot; 3 - CustomLoot; 4 - loot table of the Rust objects; 5 - combine the 1 and 4 methods)": 4,
      "Loot table from prefabs (if the loot table type is 4 or 5)": {
        "Minimum numbers of prefabs": 1,
        "Maximum numbers of prefabs": 1,
        "Use minimum and maximum values? [true/false]": true,
        "List of prefabs": [
          {
            "Chance [0.0-100.0]": 100.0,
            "The path to the prefab": "assets/rust.ai/agents/npcplayer/humannpc/scientist/scientistnpc_oilrig.prefab"
          }
        ]
      },
      "Own loot table (if the loot table type is 1 or 5)": {
        "Minimum numbers of items": 1,
        "Maximum numbers of items": 1,
        "Use minimum and maximum values? [true/false]": true,
        "List of items": [
          {
            "ShortName": "scrap",
            "Minimum": 100,
            "Maximum": 200,
            "Chance [0.0-100.0]": 50.0,
            "Is this a blueprint? [true/false]": false,
            "SkinID (0 - default)": 0,
            "Name (empty - default)": ""
          }
        ]
      }
    }
  ]
}