{
  "Enabled? [true/false]": true,
  "Position": "(-18.2, 6.5, -1148.5)",
  "Rotation": "(0.0, 0.0, 0.0)",
  "Radius": 20.0,
  "Remove other NPCs? [true/false]": true,
  "Presets": [
    {
      "Enabled? [true/false]": true,
      "Minimum numbers - Day": 6,
      "Maximum numbers - Day": 8,
      "Minimum numbers - Night": 5,
      "Maximum numbers - Night": 7,
      "NPCs setting": {
        "Names": [
          "Soldier"
        ],
        "Health": 200.0,
        "Roam Range": 10.0,
        "Chase Range": 100.0,
        "Attack Range Multiplier": 1.0,
        "Sense Range": 50.0,
        "Target Memory Duration [sec.]": 10.0,
        "Scale damage": 2.0,
        "Aim Cone Scale": 1.0,
        "Detect the target only in the NPC's viewing vision cone? [true/false]": false,
        "Vision Cone": 135.0,
        "Speed": 7.5,
        "Minimum time of appearance after death (not used for Events) [sec.]": 600.0,
        "Maximum time of appearance after death (not used for Events) [sec.]": 900.0,
        "Disable radio effects? [true/false]": false,
        "Is this a stationary NPC? [true/false]": false,
        "Remove a corpse after death? (it is recommended to use the true value to improve performance) [true/false]": true,
        "Wear items": [
          {
            "ShortName": "riot.helmet",
            "SkinID (0 - default)": 840945904
          },
          {
            "ShortName": "hoodie",
            "SkinID (0 - default)": 1234693807
          },
          {
            "ShortName": "pants",
            "SkinID (0 - default)": 1234956405
          },
          {
            "ShortName": "shoes.boots",
            "SkinID (0 - default)": 1170428844
          },
          {
            "ShortName": "roadsign.jacket",
            "SkinID (0 - default)": 1740065674
          },
          {
            "ShortName": "roadsign.kilt",
            "SkinID (0 - default)": 1740068457
          },
          {
            "ShortName": "sunglasses",
            "SkinID (0 - default)": 0
          },
          {
            "ShortName": "santabeard",
            "SkinID (0 - default)": 0
          }
        ],
        "Belt items": [
          {
            "ShortName": "shotgun.pump",
            "Amount": 1,
            "SkinID (0 - default)": 0,
            "Mods": [
              "weapon.mod.holosight",
              "weapon.mod.flashlight"
            ]
          }
        ],
        "Kits (it is recommended to use the previous 2 settings to improve performance)": []
      },
      "The amount of economics that is given for killing the NPC": {
        "Economics": 0.0,
        "Server Rewards (minimum 1)": 0,
        "IQEconomic (minimum 1)": 0
      },
      "Type of appearance (0 - random; 1 - own list) (not used for Road and Biome)": 1,
      "Own list of locations (not used for Road and Biome)": [
        "(-0.8, 0.0, 1.3)",
        "(-2.8, 0.0, -9.5)",
        "(-34.2, 0.0, -25.1)",
        "(-45.2, 0.0, -19.4)",
        "(-57.5, 0.2, -10.7)",
        "(-58.4, 0.0, 1.7)",
        "(-53.0, 0.1, 19.7)",
        "(-31.1, 0.1, 23.2)",
        "(-19.6, 0.0, 21.0)",
        "(-16.3, 0.2, 14.1)",
        "(-22.9, 0.1, 1.2)",
        "(-30.6, 0.1, -8.5)",
        "(-26.3, 0.1, -16.2)",
        "(-37.7, 0.2, -16.6)",
        "(-34.4, 0.1, -2.6)",
        "(-48.9, 0.1, -3.1)",
        "(-15.9, 3.5, -3.8)",
        "(-25.4, 3.6, -4.0)",
        "(-35.5, 3.6, -2.5)",
        "(-45.6, 3.6, -2.1)",
        "(-51.9, 3.6, -6.9)"
      ],
      "The path to the crate that appears at the place of death (empty - not used)": "",
      "Which loot table should the plugin use? (0 - default; 1 - own; 2 - AlphaLoot; 3 - CustomLoot; 4 - loot table of the Rust objects; 5 - combine the 1 and 4 methods)": 4,
      "Loot table from prefabs (if the loot table type is 4 or 5)": {
        "Minimum numbers of prefabs": 1,
        "Maximum numbers of prefabs": 1,
        "Use minimum and maximum values? [true/false]": true,
        "List of prefabs": [
          {
            "Chance [0.0-100.0]": 100.0,
            "The path to the prefab": "assets/rust.ai/agents/npcplayer/humannpc/scientist/scientistnpc_oilrig.prefab"
          }
        ]
      },
      "Own loot table (if the loot table type is 1 or 5)": {
        "Minimum numbers of items": 1,
        "Maximum numbers of items": 1,
        "Use minimum and maximum values? [true/false]": true,
        "List of items": [
          {
            "ShortName": "scrap",
            "Minimum": 100,
            "Maximum": 200,
            "Chance [0.0-100.0]": 50.0,
            "Is this a blueprint? [true/false]": false,
            "SkinID (0 - default)": 0,
            "Name (empty - default)": ""
          }
        ]
      }
    }
  ]
}