{
  "Enabled? [true/false]": true,
  "Position": "(-563.7, 79.2, 471.1)",
  "Rotation": "(0.0, 0.0, 0.0)",
  "Radius": 20.0,
  "Remove other NPCs? [true/false]": true,
  "Presets": [
    {
      "Enabled? [true/false]": true,
      "Minimum numbers - Day": 12,
      "Maximum numbers - Day": 14,
      "Minimum numbers - Night": 12,
      "Maximum numbers - Night": 14,
      "NPCs setting": {
        "Names": [
          "Zombie"
        ],
        "Health": 200.0,
        "Roam Range": 10.0,
        "Chase Range": 100.0,
        "Attack Range Multiplier": 1.0,
        "Sense Range": 50.0,
        "Target Memory Duration [sec.]": 10.0,
        "Scale damage": 2.0,
        "Aim Cone Scale": 1.0,
        "Detect the target only in the NPC's viewing vision cone? [true/false]": false,
        "Vision Cone": 135.0,
        "Speed": 7.5,
        "Minimum time of appearance after death (not used for Events) [sec.]": 600.0,
        "Maximum time of appearance after death (not used for Events) [sec.]": 900.0,
        "Disable radio effects? [true/false]": false,
        "Is this a stationary NPC? [true/false]": false,
        "Remove a corpse after death? (it is recommended to use the true value to improve performance) [true/false]": true,
        "Wear items": [
          {
            "ShortName": "scarecrow.suit",
            "SkinID (0 - default)": 0
          }
        ],
        "Belt items": [
          {
            "ShortName": "machete",
            "Amount": 1,
            "SkinID (0 - default)": 0,
            "Mods": []
          }
        ],
        "Kits (it is recommended to use the previous 2 settings to improve performance)": []
      },
      "The amount of economics that is given for killing the NPC": {
        "Economics": 0.0,
        "Server Rewards (minimum 1)": 0,
        "IQEconomic (minimum 1)": 0
      },
      "Type of appearance (0 - random; 1 - own list) (not used for Road and Biome)": 1,
      "Own list of locations (not used for Road and Biome)": [
        "(-6.0, 0.0, -4.9)",
        "(-24.0, 0.0, -4.1)",
        "(-36.5, 0.0, -17.7)",
        "(-38.8, 0.9, -38.5)",
        "(-15.8, 0.0, -55.5)",
        "(0.4, 0.0, -59.2)",
        "(20.1, 0.0, 0.7)",
        "(5.5, 0.0, 27.3)",
        "(-11.7, 0.0, 27.5)",
        "(-19.1, 0.0, 42.9)",
        "(-31.2, 0.0, 59.1)",
        "(-109.9, 0.2, -244.0)",
        "(-94.1, 0.1, -248.5)",
        "(-74.1, 0.5, -250.1)",
        "(-64.3, -0.1, -222.7)",
        "(-70.2, 0.1, -217.5)",
        "(-81.0, 0.1, -214.6)",
        "(-91.1, -0.1, -206.9)",
        "(-92.5, -0.1, -192.4)",
        "(-85.1, 0.0, -180.3)",
        "(206.7, 0.0, -307.7)",
        "(209.1, 0.0, -329.5)",
        "(226.2, -0.1, -328.9)",
        "(234.2, 0.1, -317.1)",
        "(212.7, -0.1, -303.2)",
        "(226.5, -0.1, -291.4)",
        "(222.6, 0.0, -311.8)"
      ],
      "The path to the crate that appears at the place of death (empty - not used)": "",
      "Which loot table should the plugin use? (0 - default; 1 - own; 2 - AlphaLoot; 3 - CustomLoot; 4 - loot table of the Rust objects; 5 - combine the 1 and 4 methods)": 4,
      "Loot table from prefabs (if the loot table type is 4 or 5)": {
        "Minimum numbers of prefabs": 1,
        "Maximum numbers of prefabs": 1,
        "Use minimum and maximum values? [true/false]": true,
        "List of prefabs": [
          {
            "Chance [0.0-100.0]": 100.0,
            "The path to the prefab": "assets/rust.ai/agents/npcplayer/humannpc/scientist/scientistnpc_oilrig.prefab"
          }
        ]
      },
      "Own loot table (if the loot table type is 1 or 5)": {
        "Minimum numbers of items": 1,
        "Maximum numbers of items": 1,
        "Use minimum and maximum values? [true/false]": true,
        "List of items": [
          {
            "ShortName": "scrap",
            "Minimum": 100,
            "Maximum": 200,
            "Chance [0.0-100.0]": 50.0,
            "Is this a blueprint? [true/false]": false,
            "SkinID (0 - default)": 0,
            "Name (empty - default)": ""
          }
        ]
      }
    }
  ]
}