{
  "Enabled? [true/false]": true,
  "Position": "(60.9, 11.4, 373.8)",
  "Rotation": "(0.0, 0.0, 0.0)",
  "Radius": 20.0,
  "Remove other NPCs? [true/false]": true,
  "Presets": [
    {
      "Enabled? [true/false]": true,
      "Minimum numbers - Day": 12,
      "Maximum numbers - Day": 14,
      "Minimum numbers - Night": 11,
      "Maximum numbers - Night": 12,
      "NPCs setting": {
        "Names": [
          "Scientist",
          "Soldier"
        ],
        "Health": 200.0,
        "Roam Range": 10.0,
        "Chase Range": 100.0,
        "Attack Range Multiplier": 1.0,
        "Sense Range": 50.0,
        "Target Memory Duration [sec.]": 10.0,
        "Scale damage": 2.0,
        "Aim Cone Scale": 1.0,
        "Detect the target only in the NPC's viewing vision cone? [true/false]": false,
        "Vision Cone": 135.0,
        "Speed": 7.5,
        "Minimum time of appearance after death (not used for Events) [sec.]": 600.0,
        "Maximum time of appearance after death (not used for Events) [sec.]": 900.0,
        "Disable radio effects? [true/false]": false,
        "Is this a stationary NPC? [true/false]": false,
        "Remove a corpse after death? (it is recommended to use the true value to improve performance) [true/false]": true,
        "Wear items": [
          {
            "ShortName": "diving.mask",
            "SkinID (0 - default)": 0
          },
          {
            "ShortName": "diving.tank",
            "SkinID (0 - default)": 0
          },
          {
            "ShortName": "diving.wetsuit",
            "SkinID (0 - default)": 0
          },
          {
            "ShortName": "diving.fins",
            "SkinID (0 - default)": 0
          }
        ],
        "Belt items": [
          {
            "ShortName": "smg.thompson",
            "Amount": 1,
            "SkinID (0 - default)": 0,
            "Mods": [
              "weapon.mod.holosight",
              "weapon.mod.flashlight"
            ]
          }
        ],
        "Kits (it is recommended to use the previous 2 settings to improve performance)": []
      },
      "The amount of economics that is given for killing the NPC": {
        "Economics": 0.0,
        "Server Rewards (minimum 1)": 0,
        "IQEconomic (minimum 1)": 0
      },
      "Type of appearance (0 - random; 1 - own list) (not used for Road and Biome)": 1,
      "Own list of locations (not used for Road and Biome)": [
        "(-5.5, -0.4, 11.1)",
        "(-7.6, 0.8, 44.1)",
        "(-49.1, -0.9, 75.2)",
        "(-66.0, -1.7, 38.5)",
        "(-59.2, -1.4, 2.3)",
        "(-53.4, 0.0, -30.3)",
        "(-30.8, 0.0, -65.5)",
        "(-20.6, -10.0, -19.2)",
        "(-15.7, -8.9, 27.2)",
        "(-28.5, -4.6, 42.8)",
        "(-31.1, -10.8, 9.5)",
        "(-32.7, -10.8, -10.8)",
        "(-29.2, -10.8, 31.5)",
        "(-27.6, -10.8, 46.6)",
        "(-29.6, -7.6, 33.8)",
        "(-27.7, -7.6, 43.5)",
        "(-30.2, -3.1, 20.5)",
        "(-33.1, -4.7, -11.4)",
        "(-34.4, -4.7, -26.7)"
      ],
      "The path to the crate that appears at the place of death (empty - not used)": "",
      "Which loot table should the plugin use? (0 - default; 1 - own; 2 - AlphaLoot; 3 - CustomLoot; 4 - loot table of the Rust objects; 5 - combine the 1 and 4 methods)": 4,
      "Loot table from prefabs (if the loot table type is 4 or 5)": {
        "Minimum numbers of prefabs": 1,
        "Maximum numbers of prefabs": 1,
        "Use minimum and maximum values? [true/false]": true,
        "List of prefabs": [
          {
            "Chance [0.0-100.0]": 100.0,
            "The path to the prefab": "assets/rust.ai/agents/npcplayer/humannpc/scientist/scientistnpc_oilrig.prefab"
          }
        ]
      },
      "Own loot table (if the loot table type is 1 or 5)": {
        "Minimum numbers of items": 1,
        "Maximum numbers of items": 1,
        "Use minimum and maximum values? [true/false]": true,
        "List of items": [
          {
            "ShortName": "scrap",
            "Minimum": 100,
            "Maximum": 200,
            "Chance [0.0-100.0]": 50.0,
            "Is this a blueprint? [true/false]": false,
            "SkinID (0 - default)": 0,
            "Name (empty - default)": ""
          }
        ]
      }
    }
  ]
}