{
  "Enabled? [true/false]": true,
  "Position": "(611.5, 42.3, -125.4)",
  "Rotation": "(0.0, 0.0, 0.0)",
  "Radius": 20.0,
  "Remove other NPCs? [true/false]": true,
  "Presets": [
    {
      "Enabled? [true/false]": true,
      "Minimum numbers - Day": 10,
      "Maximum numbers - Day": 14,
      "Minimum numbers - Night": 10,
      "Maximum numbers - Night": 12,
      "NPCs setting": {
        "Names": [
          "Scientist",
          "Soldier"
        ],
        "Health": 200.0,
        "Roam Range": 10.0,
        "Chase Range": 100.0,
        "Attack Range Multiplier": 1.0,
        "Sense Range": 50.0,
        "Target Memory Duration [sec.]": 10.0,
        "Scale damage": 2.0,
        "Aim Cone Scale": 1.0,
        "Detect the target only in the NPC's viewing vision cone? [true/false]": false,
        "Vision Cone": 135.0,
        "Speed": 7.5,
        "Minimum time of appearance after death (not used for Events) [sec.]": 600.0,
        "Maximum time of appearance after death (not used for Events) [sec.]": 900.0,
        "Disable radio effects? [true/false]": false,
        "Is this a stationary NPC? [true/false]": false,
        "Remove a corpse after death? (it is recommended to use the true value to improve performance) [true/false]": true,
        "Wear items": [
          {
            "ShortName": "riot.helmet",
            "SkinID (0 - default)": 873430745
          },
          {
            "ShortName": "hoodie",
            "SkinID (0 - default)": 845824248
          },
          {
            "ShortName": "pants",
            "SkinID (0 - default)": 842969736
          },
          {
            "ShortName": "shoes.boots",
            "SkinID (0 - default)": 1134280832
          },
          {
            "ShortName": "sunglasses",
            "SkinID (0 - default)": 0
          },
          {
            "ShortName": "santabeard",
            "SkinID (0 - default)": 0
          }
        ],
        "Belt items": [
          {
            "ShortName": "smg.thompson",
            "Amount": 1,
            "SkinID (0 - default)": 0,
            "Mods": [
              "weapon.mod.holosight",
              "weapon.mod.flashlight"
            ]
          }
        ],
        "Kits (it is recommended to use the previous 2 settings to improve performance)": []
      },
      "The amount of economics that is given for killing the NPC": {
        "Economics": 0.0,
        "Server Rewards (minimum 1)": 0,
        "IQEconomic (minimum 1)": 0
      },
      "Type of appearance (0 - random; 1 - own list) (not used for Road and Biome)": 1,
      "Own list of locations (not used for Road and Biome)": [
        "(1.1, 0.3, 0.9)",
        "(6.2, 0.1, -1.7)",
        "(-3.4, 0.1, -7.4)",
        "(22.0, 0.3, 2.0)",
        "(36.8, 1.8, 5.5)",
        "(35.4, 1.8, -3.0)",
        "(25.9, 1.8, -7.6)",
        "(41.6, 1.8, -6.8)",
        "(50.0, 1.8, -7.8)",
        "(62.1, 1.8, -8.3)",
        "(74.4, 1.8, -5.1)",
        "(84.3, 1.8, -7.3)",
        "(97.7, 1.8, -11.2)",
        "(95.1, 1.8, -0.6)",
        "(109.8, 1.8, -2.9)",
        "(117.2, 1.8, -7.2)",
        "(113.0, 0.3, 2.6)",
        "(92.1, 0.2, 2.5)",
        "(76.7, 0.1, 2.3)",
        "(57.2, 0.2, 2.7)",
        "(43.0, 1.8, 5.1)",
        "(53.3, 1.8, 7.2)",
        "(67.5, 1.8, 5.6)",
        "(73.2, 0.1, 13.6)",
        "(86.0, 1.8, 5.5)",
        "(100.8, 1.8, 5.2)",
        "(112.3, 4.7, 9.9)",
        "(116.5, 4.7, -2.8)",
        "(110.2, 4.7, -9.9)",
        "(101.8, 4.1, -7.1)",
        "(91.1, 4.7, -8.7)",
        "(91.0, 4.7, 4.6)",
        "(98.4, 4.7, 3.3)",
        "(101.4, 4.7, 12.5)",
        "(112.2, 4.7, 11.2)"
      ],
      "The path to the crate that appears at the place of death (empty - not used)": "",
      "Which loot table should the plugin use? (0 - default; 1 - own; 2 - AlphaLoot; 3 - CustomLoot; 4 - loot table of the Rust objects; 5 - combine the 1 and 4 methods)": 4,
      "Loot table from prefabs (if the loot table type is 4 or 5)": {
        "Minimum numbers of prefabs": 1,
        "Maximum numbers of prefabs": 1,
        "Use minimum and maximum values? [true/false]": true,
        "List of prefabs": [
          {
            "Chance [0.0-100.0]": 100.0,
            "The path to the prefab": "assets/rust.ai/agents/npcplayer/humannpc/scientist/scientistnpc_oilrig.prefab"
          }
        ]
      },
      "Own loot table (if the loot table type is 1 or 5)": {
        "Minimum numbers of items": 1,
        "Maximum numbers of items": 1,
        "Use minimum and maximum values? [true/false]": true,
        "List of items": [
          {
            "ShortName": "scrap",
            "Minimum": 100,
            "Maximum": 200,
            "Chance [0.0-100.0]": 50.0,
            "Is this a blueprint? [true/false]": false,
            "SkinID (0 - default)": 0,
            "Name (empty - default)": ""
          }
        ]
      }
    }
  ]
}