{
  "Enabled? [true/false]": true,
  "Position": "(107.2, 6.5, -246.3)",
  "Rotation": "(0.0, 0.0, 0.0)",
  "Radius": 20.0,
  "Remove other NPCs? [true/false]": true,
  "Presets": [
    {
      "Enabled? [true/false]": true,
      "Minimum numbers - Day": 12,
      "Maximum numbers - Day": 14,
      "Minimum numbers - Night": 11,
      "Maximum numbers - Night": 12,
      "NPCs setting": {
        "Names": [
          "Soldier"
        ],
        "Health": 200.0,
        "Roam Range": 10.0,
        "Chase Range": 100.0,
        "Attack Range Multiplier": 1.0,
        "Sense Range": 50.0,
        "Target Memory Duration [sec.]": 10.0,
        "Scale damage": 2.0,
        "Aim Cone Scale": 1.0,
        "Detect the target only in the NPC's viewing vision cone? [true/false]": false,
        "Vision Cone": 135.0,
        "Speed": 7.5,
        "Minimum time of appearance after death (not used for Events) [sec.]": 600.0,
        "Maximum time of appearance after death (not used for Events) [sec.]": 900.0,
        "Disable radio effects? [true/false]": false,
        "Is this a stationary NPC? [true/false]": false,
        "Remove a corpse after death? (it is recommended to use the true value to improve performance) [true/false]": true,
        "Wear items": [
          {
            "ShortName": "hazmatsuit_scientist_arctic",
            "SkinID (0 - default)": 0
          }
        ],
        "Belt items": [
          {
            "ShortName": "rifle.lr300",
            "Amount": 1,
            "SkinID (0 - default)": 0,
            "Mods": [
              "weapon.mod.holosight",
              "weapon.mod.flashlight"
            ]
          }
        ],
        "Kits (it is recommended to use the previous 2 settings to improve performance)": []
      },
      "The amount of economics that is given for killing the NPC": {
        "Economics": 0.0,
        "Server Rewards (minimum 1)": 0,
        "IQEconomic (minimum 1)": 0
      },
      "Type of appearance (0 - random; 1 - own list) (not used for Road and Biome)": 1,
      "Own list of locations (not used for Road and Biome)": [
        "(0.0, 0.0, 0.0)",
        "(2.9, 0.0, 6.0)",
        "(16.1, 0.0, 16.9)",
        "(24.1, 0.1, 34.7)",
        "(-3.7, 0.0, 58.1)",
        "(13.3, 0.0, 58.4)",
        "(22.9, 0.0, 79.2)",
        "(6.4, 0.0, 87.5)",
        "(-2.2, 0.0, 75.9)",
        "(-39.6, 0.0, 78.4)",
        "(-54.5, 1.1, 84.3)",
        "(-82.5, 2.4, 105.0)",
        "(-97.1, 2.3, 97.3)",
        "(-110.8, 2.3, 91.3)",
        "(-126.0, 2.0, 74.6)",
        "(-119.0, 1.6, 55.2)",
        "(-102.3, 1.1, 35.3)",
        "(-79.4, 0.8, 44.9)",
        "(-35.1, 0.0, 53.1)",
        "(-26.2, 0.4, 25.8)",
        "(-25.7, 0.0, 6.1)",
        "(-12.2, 0.0, -5.2)"
      ],
      "The path to the crate that appears at the place of death (empty - not used)": "",
      "Which loot table should the plugin use? (0 - default; 1 - own; 2 - AlphaLoot; 3 - CustomLoot; 4 - loot table of the Rust objects; 5 - combine the 1 and 4 methods)": 4,
      "Loot table from prefabs (if the loot table type is 4 or 5)": {
        "Minimum numbers of prefabs": 1,
        "Maximum numbers of prefabs": 1,
        "Use minimum and maximum values? [true/false]": true,
        "List of prefabs": [
          {
            "Chance [0.0-100.0]": 100.0,
            "The path to the prefab": "assets/rust.ai/agents/npcplayer/humannpc/scientist/scientistnpc_oilrig.prefab"
          }
        ]
      },
      "Own loot table (if the loot table type is 1 or 5)": {
        "Minimum numbers of items": 1,
        "Maximum numbers of items": 1,
        "Use minimum and maximum values? [true/false]": true,
        "List of items": [
          {
            "ShortName": "scrap",
            "Minimum": 100,
            "Maximum": 200,
            "Chance [0.0-100.0]": 50.0,
            "Is this a blueprint? [true/false]": false,
            "SkinID (0 - default)": 0,
            "Name (empty - default)": ""
          }
        ]
      }
    }
  ]
}